Apple installing safes in-store to protect gold Watch Edition,Al-Sisi has denied Israeli reports stating that he offered to extend the Gaza Strip.,unrelated
El-Sisi denies claims he'll give Sinai land to Palestinians,Al-Sisi has denied Israeli reports stating that he offered to extend the Gaza Strip.,unrelated
Apple to keep gold Watch Editions in special in-store safes,Al-Sisi has denied Israeli reports stating that he offered to extend the Gaza Strip.,unrelated
Apple Stores to Keep Gold “Edition” Apple Watch in Custom Safes,Al-Sisi has denied Israeli reports stating that he offered to extend the Gaza Strip.,unrelated
South Korean woman's hair 'eaten' by robot vacuum cleaner as she slept,Al-Sisi has denied Israeli reports stating that he offered to extend the Gaza Strip.,unrelated
18-Karat Gold Apple Watch Edition To Be Locked In Safes At Apple Stores,Al-Sisi has denied Israeli reports stating that he offered to extend the Gaza Strip.,unrelated
"Apple Watch Price, Release Date News: Special Safes In Apple Stores For Gold Models, April Launch Confirmed",Al-Sisi has denied Israeli reports stating that he offered to extend the Gaza Strip.,unrelated
"Apple plans to phase out Beats Music brand, report says",Al-Sisi has denied Israeli reports stating that he offered to extend the Gaza Strip.,unrelated
Apple Stores will have custom-designed safes to store the gold Apple Watch in,Al-Sisi has denied Israeli reports stating that he offered to extend the Gaza Strip.,unrelated
"Polish Teenager Wakes Up During Brain Surgery, Talks To Doctor",Al-Sisi has denied Israeli reports stating that he offered to extend the Gaza Strip.,unrelated
CNN: Doctor Took Mid-Surgery Selfie with Unconscious Joan Rivers,Al-Sisi has denied Israeli reports stating that he offered to extend the Gaza Strip.,unrelated
Gold Apple Watch Will Be Stored In Special Safes At Apple Stores,Al-Sisi has denied Israeli reports stating that he offered to extend the Gaza Strip.,unrelated
"Teen wakes up during brain surgery, asks how it’s going",Al-Sisi has denied Israeli reports stating that he offered to extend the Gaza Strip.,unrelated
Apple Stores to install safes to secure gold Apple Watches,Al-Sisi has denied Israeli reports stating that he offered to extend the Gaza Strip.,unrelated
Apple Watch Edition: special safes to be installed in Apple Stores to house luxury smart watch,Al-Sisi has denied Israeli reports stating that he offered to extend the Gaza Strip.,unrelated
Apple Watches to be kept in safes,Al-Sisi has denied Israeli reports stating that he offered to extend the Gaza Strip.,unrelated
Apple Stores Are Reportedly Installing Custom Safes To House Apple Watches,Al-Sisi has denied Israeli reports stating that he offered to extend the Gaza Strip.,unrelated
Gold Apple Watches to be stored in safes in Apple Stores,Al-Sisi has denied Israeli reports stating that he offered to extend the Gaza Strip.,unrelated
"NHL expansion to include Toronto, Quebec City, Seattle and Las Vegas: Report",Al-Sisi has denied Israeli reports stating that he offered to extend the Gaza Strip.,unrelated
